{
    "noise": {
        "energy": 0.0025,
        "f_coef": 10,
        "bounds": [
            0.0025,
            0.025
        ]
    },
    "kernel": {
        "name": "RBF_mb",
        "sigma": 5.113034803747152,
        "l": 0.5111667000974863,
        "zeta": 2.0,
        "bounds": [
            [
                0.01,
                50.0
            ],
            [
                0.1,
                10.0
            ]
        ]
    },
    "descriptor": {
        "nmax": 3,
        "lmax": 4,
        "rcut": 5.0,
        "alpha": 2.0,
        "derivative": true,
        "stress": false,
        "_type": "SO3"
    },
    "db_filename": "database/hs2-RBF-gpr.db",
    "error": {
        "energy_r2": 0.9969131631049237,
        "energy_mae": 0.0007654842812824469,
        "energy_rmse": 0.0010689922012831672,
        "forces_r2": 0.9973866268084751,
        "forces_mae": 0.00894511892257552,
        "forces_rmse": 0.013734874501706207
    }
}
